Mark Webber|Devon Graye|Tom Bower
Lewis MacDougall|Sigourney Weaver|Felicity Jones
Heather Langenkamp|Robert Englund|Johnny Depp
Srđan 'Žika' Todorović|Sergej Trifunović|Jelena Gavrilović
Scott Weinger|Robin Williams|Linda Larkin
Tom Skerritt|Sigourney Weaver|Veronica Cartwright
Sigourney Weaver|Winona Ryder|Dominique Pinon
Michael Fassbender|Katherine Waterston|Billy Crudup
Sigourney Weaver|Charles S. Dutton|Charles Dance
Sigourney Weaver|Carrie Henn|Michael Biehn
Burt Reynolds|Dom DeLuise|Judith Barsi
Jason Biggs|Chris Klein|Thomas Ian Nicholas
Christian Bale|Justin Theroux|Josh Lucas
Natalie Portman|Jennifer Jason Leigh|Gina Rodriguez
Mads Mikkelsen|Thomas Bo Larsen|Magnus Millang
Paul Rudd|Michael Douglas|Evangeline Lilly
Amy Adams|Jeremy Renner|Forest Whitaker
Sota Fukushi|Ryunosuke Kamiki|Hirona Yamazaki
Sam Worthington|Zoe Saldaña|Sigourney Weaver
Robert Downey Jr.|Chris Hemsworth|Mark Ruffalo
Robert Downey Jr.|Chris Evans|Mark Ruffalo
Robert Downey Jr.|Chris Evans|Chris Hemsworth
Michael J. Fox|Christopher Lloyd|Crispin Glover
Michael J. Fox|Christopher Lloyd|Lea Thompson
Michael J. Fox|Christopher Lloyd|Mary Steenburgen
Christian Bale|Michael Caine|Liam Neeson
Tatsuya Fujiwara|Aki Maeda|Takeshi Kitano
John Cusack|John Malkovich|Cameron Diaz
Fionn Whitehead|Craig Parkinson|Alice Lowe
Hayley Atwell|Domhnall Gleeson|Claire Keelan
Sacha Baron Cohen|Maria Bakalova|Tom Hanks
Sacha Baron Cohen|Ken Davitian|Luenell
Jim Carrey|Morgan Freeman|Jennifer Aniston
Chris Evans|Hayley Atwell|Sebastian Stan
Chloë Grace Moretz|Julianne Moore|Gabriella Wilde
Jared Harris|Stellan Skarsgård|Emily Watson
Clive Owen|Clare-Hope Ashitey|Chiwetel Ejiofor
Julie Benz|Carter Jenkins|Cesar Garcia
Keanu Reeves|Rachel Weisz|Shia LaBeouf
Nicole de Boer|Nicky Guadagni|Maurice Dean Wint
Kari Matchett|Geraint Wyn Davies|Grace Lynn Kung
Zachary Bennett|Stephanie Moore|Michael Riley
Denzel Washington|Paula Patton|Val Kilmer
Evan Peters|Richard Jenkins|Molly Ringwald
Ryan Reynolds|Morena Baccarin|Ed Skrein
Ryan Reynolds|Hugh Jackman|Emma Corrin
Ryan Reynolds|Josh Brolin|Morena Baccarin
Mamoru Miyano|Shido Nakamura|Aya Hirano
Adrien Brody|Marcia Gay Harden|James Caan
Chris Messina|Bojana Novaković|Jenny O'Hara
Benedict Cumberbatch|Chiwetel Ejiofor|Rachel McAdams
Stephen Lang|Jane Levy|Dylan Minnette
Dwayne Johnson|Karl Urban|Rosamund Pike
Nikola Đuričko|Sergej Trifunović|Boris Milivojević
Boris Milivojević|Sergej Trifunović|Maja Mandžuka
Timothée Chalamet|Rebecca Ferguson|Oscar Isaac
Timothée Chalamet|Zendaya|Rebecca Ferguson
Tom Cruise|Emily Blunt|Bill Paxton
Aaron Paul|Jesse Plemons|Charles Baker
Shinnosuke Mitsushima|Tao Tsuchiya|Minami Takayama
Rie Saitou|Koji Yusa|Akiko Yajima
Michelle Yeoh|Stephanie Hsu|Ke Huy Quan
Jane Levy|Shiloh Fernandez|Lou Taylor Pucci
Domhnall Gleeson|Alicia Vikander|Oscar Isaac
Luke Mably|Chukwudi Iwuji|Adar Beck
Edward Norton|Brad Pitt|Helena Bonham Carter
Devon Sawa|Ali Larter|Kerr Smith
A. J. Cook|Ali Larter|Michael Landes
Mary Elizabeth Winstead|Ryan Merriman|Kris Lemche
Nicholas D'Agosto|Emma Bell|Miles Fisher
Albert Brooks|Ellen DeGeneres|Alexander Gould
Josh Hutcherson|Piper Rubio|Elizabeth Lail
Tom Hanks|Robin Wright|Gary Sinise
Robert Englund|Ken Kirzinger|Monica Keena
Betsy Palmer|Adrienne King|Jeannine Taylor
Kristen Bell|Idina Menzel|Jonathan Groff
Nikola Đuričko|Sonja Kolačarić|Tara Manić
Yuki Kaji|Daisuke Ono|Saori Hayami
Atsuko Tanaka|Akio Otsuka|Iemasa Kayumi
Scarlett Johansson|Takeshi Kitano|Michael Pitt
Nicolas Cage|Eva Mendes|Sam Elliott
Nicolas Cage|Fergus Riordan|Violante Placido
Sandra Bullock|George Clooney|Ed Harris
Ryan Reynolds|Blake Lively|Peter Sarsgaard
Chris Pratt|Zoe Saldaña|Dave Bautista
Chris Pratt|Zoe Saldaña|Dave Bautista
Chris Pratt|Zoe Saldaña|Dave Bautista
Ashley Laurence|Clare Higgins|Kenneth Cranham
Clare Higgins|Ashley Laurence|Sean Chapman
Terry Farrell|Doug Bradley|Kevin Bernhardt
Bruce Ramsay|Valentina Vargas|Doug Bradley
Kari Wuhrer|Paul Rhys|Simon Kunz
Dean Winters|Ashley Laurence|Rachel Hayward
Katheryn Winnick|Christopher Jacot|Henry Cavill
Craig Sheffer|Nicholas Turturro|James Remar
Steven Brand|Nick Eversman|Tracey Fairaway
Sebastian Jessen|Pil Neja|Morten Kerrn Nielsen
Tate Donovan|Josh Keaton|Roger Bart
Jim Carrey|Steve Carell|Carol Burnett
Jay Hernandez|Derek Richardson|Eythor Gudjonsson
Method Man|Redman|Obba Babatundé
Eric Bana|Jennifer Connelly|Sam Elliott
Will Smith|Alice Braga|Charlie Tahan
Michael Pitt|Brit Marling|Astrid Bergès-Frisbey
Ray Romano|John Leguizamo|Denis Leary
Ray Romano|John Leguizamo|Denis Leary
Ray Romano|John Leguizamo|Denis Leary
Luke Wilson|Maya Rudolph|Dax Shepard
Leonardo DiCaprio|Joseph Gordon-Levitt|Ken Watanabe
Harrison Ford|Phoebe Waller-Bridge|Mads Mikkelsen
Harrison Ford|Cate Blanchett|Karen Allen
Harrison Ford|Sean Connery|Denholm Elliott
Harrison Ford|Kate Capshaw|Ke Huy Quan
Patrick Wilson|Rose Byrne|Lin Shaye
Patrick Wilson|Rose Byrne|Lin Shaye
Matthew McConaughey|Anne Hathaway|Michael Caine
Robert Downey Jr.|Terrence Howard|Jeff Bridges
Robert Downey Jr.|Gwyneth Paltrow|Don Cheadle
Robert Downey Jr.|Gwyneth Paltrow|Don Cheadle
Jaeden Martell|Sophia Lillis|Jack Dylan Grazer
James McAvoy|Jessica Chastain|Bill Hader
Maika Monroe|Keir Gilchrist|Daniel Zovatto
Željko Savić|Marko Gizdavić
Matt Passmore|Tobin Bell|Callum Keith Rennie
Joaquin Phoenix|Robert De Niro|Zazie Beetz
Aaron Taylor-Johnson|Chloë Grace Moretz|Nicolas Cage
Aaron Taylor-Johnson|Chloë Grace Moretz|Christopher Mintz-Plasse
Taron Egerton|Colin Firth|Samuel L. Jackson
Doudou Gueye Thiaw|Maimouna N'Diaye|Awa Sène Sarr
Nicolas Cage|Rose Byrne|Chandler Canterbury
Bradley Cooper|Robert De Niro|Abbie Cornish
Hugh Jackman|Dafne Keen|Patrick Stewart
Joseph Gordon-Levitt|Bruce Willis|Emily Blunt
Sami Amber|Fred Tatasciore
Rebecca Riedy|Dieter Jansen|Scott Whyte
Nancy Linari|Ben Giroux|Brian Keane
Troy Baker|Kevin Jackson|Fred Tatasciore
""
""
""
""
""
Sebastian Croft|Archie Madekwe|Beatriz Godinho
Mary Elizabeth Winstead|Topher Grace|John DiMaggio
""
Girvan 'Swirv' Bramble
""
Michael B. Jordan|Michelle Bonilla|Brian T. Delaney
Samira Wiley|Daisuke Tsuji|Nestor Serrano
Craig Ferguson|Dan Stevens
""
Nolan North|Elodie Yung|Emily O'Brien
Graham Hamilton|Adam Bartley|Jim Pirri
Peter Franzén|Zita Hanrot|Alaïs Lawson
Helen Sadler|Hayley McLaughlin|Time Winters
Michael Benyaer|Fred Tatasciore|Laura Waddell
G.K. Bowes|Scott Whyte|Courtenay Taylor
Rosario Dawson|Jason George|Fred Tatasciore
Steven Pacey|Nick Boraine|Kayli Tran
Nolan North|André Sogliuzzo|Gary Cole
Stefan Kapičić|Bruce Thomas|Antonio Alvarez
Joe Dempsie|Steven Pacey
Mackenzie Davis|David Shatraw
Emily O'Brien|Ben Sullivan|Matthew Yang King
Josh Brener|Gary Anthony Williams|Chris Parnell
Josh Brener|Gary Anthony Williams|Katie Lowes
Maurice LaMarche|Alexia Dox
Kevin Michael Richardson|Emma Thornett
Ben Stiller|Chris Rock|David Schwimmer
Dylan O'Brien|Kaya Scodelario|Thomas Brodie-Sangster
Amber Perkins|Rachel Quinn|Dean Waite
Guy Pearce|Carrie-Anne Moss|Joe Pantoliano
Billy Crystal|John Goodman|Steve Buscemi
John Goodman|Billy Crystal|Mary Gibbs
Jared Leto|Sarah Polley|Diane Kruger
Noriko Hidaka|Chika Sakamoto|Hitoshi Takagi
Nicolas Cage|Diane Kruger|Justin Bartha
Nicolas Cage|Diane Kruger|Justin Bartha
Emma Roberts|Dave Franco|Emily Meade
Slaven Došlo|Milica Majkić|Darko Ivić
Slaven Došlo|Matea Milosavljević|Nikola Glišić
Mark Ruffalo|Jesse Eisenberg|Woody Harrelson
Karen Gillan|Brenton Thwaites|Katee Sackhoff
Choi Min-sik|Yoo Ji-tae|Kang Hye-jung
Elijah Wood|Collin Dean
Ivana Baquero|Sergi López|Maribel Verdú
Song Kang-ho|Lee Sun-kyun|Cho Yeo-jeong
Jennifer Lawrence|Chris Pratt|Michael Sheen
Colin Farrell|Kiefer Sutherland|Forest Whitaker
Elisabeth Shue|Jerry O'Connell|Steven R. McQueen
Danielle Panabaker|Matt Bush|Katrina Bowden
Johnny Depp|Geoffrey Rush|Orlando Bloom
Johnny Depp|Orlando Bloom|Keira Knightley
Johnny Depp|Javier Bardem|Geoffrey Rush
Johnny Depp|Penélope Cruz|Geoffrey Rush
Johnny Depp|Geoffrey Rush|Orlando Bloom
Emma Stone|Mark Ruffalo|Willem Dafoe
Ethan Hawke|Sarah Snook|Noah Taylor
Shane Carruth|David Sullivan|Casey Gooden
Hiroshi Kamiya|Daisuke Namikawa|Kazuyuki Okitsu
Hugh Jackman|Jake Gyllenhaal|Viola Davis
Jonny Weston|Sofia Black-D'Elia|Sam Lerner
Noomi Rapace|Michael Fassbender|Charlize Theron
John Travolta|Samuel L. Jackson|Uma Thurman
Harrison Ford|Karen Allen|Paul Freeman
Peter Weller|Nancy Allen|Dan O'Herlihy
Cary Elwes|Leigh Whannell|Danny Glover
Tobin Bell|Costas Mandylor|Betsy Russell
Tobin Bell|Donnie Wahlberg|Shawnee Smith
Tobin Bell|Shawnee Smith|Angus Macfadyen
Tobin Bell|Costas Mandylor|Scott Patterson
Tobin Bell|Costas Mandylor|Scott Patterson
Tobin Bell|Costas Mandylor|Mark Rolston
Tobin Bell|Shawnee Smith|Synnøve Macody Lund
Anna Faris|Jon Abrahams|Marlon Wayans
Anna Faris|Regina Hall|Shawn Wayans
Anna Faris|Simon Rex|Anthony Anderson
Anna Faris|Regina Hall|Craig Bierko
Ashley Tisdale|Simon Rex|Charlie Sheen
Jack Black|Joan Cusack|Mike White
Morgan Freeman|Brad Pitt|Gwyneth Paltrow
Kaori Shimizu|Yoko Asada|Ayako Kawasumi
Radovan Vujović|Staša Koprivica|Miloš Tanasković
Mike Myers|Eddie Murphy|Cameron Diaz
Mike Myers|Eddie Murphy|Cameron Diaz
Mike Myers|Eddie Murphy|Cameron Diaz
Mike Myers|Eddie Murphy|Cameron Diaz
Leonardo DiCaprio|Mark Ruffalo|Ben Kingsley
Radha Mitchell|Sean Bean|Jodelle Ferland
Adelaide Clemens|Sean Bean|Radha Mitchell
Ethan Hawke|Juliet Rylance|Vincent D'Onofrio
Nikola Rakočević|Viktor Savić|Bojana Novaković
Nebojša Glogovac|Ana Sofrenović|Nikola Kojo
Adriana Caselotti|Lucille La Verne|Harry Stockwell
Chris Evans|Song Kang-ho|Ed Harris
Jamie Kennedy|Alan Cumming|Traylor Howard
Jake Gyllenhaal|Michelle Monaghan|Vera Farmiga
Michael Jordan|Wayne Knight|Theresa Randle
Tobey Maguire|Willem Dafoe|Kirsten Dunst
Tobey Maguire|Kirsten Dunst|James Franco
Tobey Maguire|Kirsten Dunst|James Franco
Tom Holland|Jake Gyllenhaal|Samuel L. Jackson
Tom Holland|Michael Keaton|Robert Downey Jr.
Tom Holland|Zendaya|Benedict Cumberbatch
Chris Rock|Samuel L. Jackson|Max Minghella
Rumi Hiiragi|Miyu Irino|Mari Natsuki
Lee Jung-jae|Lee Byung-hun|Yim Si-wan
Mamoru Miyano|Asami Imai|Kana Hanazawa
Mamoru Miyano|Sayuri Yahagi|Asami Imai
Branka Katić|Srđan 'Žika' Todorović|Mirjana Karanović
Johnny Depp|Helena Bonham Carter|Alan Rickman
Tony Goldwyn|Minnie Driver|Glenn Close
Mark Wahlberg|Mila Kunis|Seth MacFarlane
Jack Black|Kyle Gass|JR Reed
John David Washington|Robert Pattinson|Elizabeth Debicki
Arnold Schwarzenegger|Linda Hamilton|Edward Furlong
Emilia Clarke|Jai Courtney|Arnold Schwarzenegger
David Howard Thornton|Jenna Kanell|Samantha Scaffidi
Andrew Garfield|Emma Stone|Rhys Ifans
Andrew Garfield|Emma Stone|Jamie Foxx
Robert Downey Jr.|Chris Evans|Mark Ruffalo
Dragan Bjelogrlić|Anica Dobra|Srđan 'Žika' Todorović
Rei Hance|Joshua Leonard|Michael C. Williams
Asa Butterfield|Vera Farmiga|David Thewlis
Emilio Estevez|Judd Nelson|Molly Ringwald
Ashton Kutcher|Amy Smart|Melora Walters
Eric Lively|Erica Durance|Dustin Milligan
Mia Serafino|Rachel Miner|Chris Carmack
Kristen Connolly|Fran Kranz|Chris Hemsworth
Josh Stewart|Emma Fitzpatrick|Christopher McDonald
Josh Stewart|Juan Fernández|Michael Reilly Burke
Patrick Wilson|Vera Farmiga|Lili Taylor
Robin Tunney|Fairuza Balk|Neve Campbell
Brad Pitt|Cate Blanchett|Taraji P. Henson
Christian Bale|Heath Ledger|Aaron Eckhart
Christian Bale|Gary Oldman|Tom Hardy
Sacha Baron Cohen|Ben Kingsley|Anna Faris
Bobby Campo|Shantel VanSanten|Mykelti Williamson
Misuzu Togashi|Tomosa Murata|Minoru Shiraishi
Marlon Brando|Al Pacino|James Caan
Martin Freeman|Ian McKellen|Richard Armitage
Ian McKellen|Martin Freeman|Richard Armitage
Ian McKellen|Martin Freeman|Richard Armitage
Jennifer Lawrence|Josh Hutcherson|Liam Hemsworth
Jennifer Lawrence|Josh Hutcherson|Liam Hemsworth
Jennifer Lawrence|Josh Hutcherson|Liam Hemsworth
Jennifer Lawrence|Josh Hutcherson|Liam Hemsworth
Edward Norton|Liv Tyler|Tim Roth
Elisabeth Moss|Aldis Hodge|Storm Reid
Matthew Broderick|Moira Kelly|Nathan Lane
Jodi Benson|Samuel E. Wright|Pat Carroll
Colin Farrell|Rachel Weisz|Olivia Colman
Elijah Wood|Ian McKellen|Viggo Mortensen
Elijah Wood|Ian McKellen|Viggo Mortensen
Elijah Wood|Ian McKellen|Viggo Mortensen
Matt Damon|Jessica Chastain|Kristen Wiig
Brie Larson|Teyonah Parris|Iman Vellani
Jim Carrey|Peter Riegert|Peter Greene
Keanu Reeves|Laurence Fishburne|Carrie-Anne Moss
Keanu Reeves|Laurence Fishburne|Carrie-Anne Moss
Keanu Reeves|Laurence Fishburne|Carrie-Anne Moss
Dylan O'Brien|Kaya Scodelario|Aml Ameen
Anya Taylor-Joy|Ralph Fiennes|Nicholas Hoult
Johnny Depp|Frank Langella|Lena Olin
Colin Farrell|Cristin Milioti|Rhenzy Feliz
Ivan Massagué|Antonia San Juan|Zorion Eguileor
Milena Smit|Hovik Keuchkerian|Natalia Tena
Hugh Jackman|Christian Bale|Michael Caine
Ethan Hawke|Lena Headey|Max Burkholder
Frank Grillo|Carmen Ejogo|Zach Gilford
Elizabeth Mitchell|Frank Grillo|Mykelti Williamson
Anya Taylor-Joy|Chloe Pirrie
Kenneth Branagh|Kevin Kline|Rosie Perez
Jodie Foster|Anthony Hopkins|Scott Glenn
Tom Kenny|Clancy Brown|Rodger Bumpass
Demi Moore|Margaret Qualley|Dennis Quaid
Tom Hanks|Catherine Zeta-Jones|Stanley Tucci
Arnold Schwarzenegger|Michael Biehn|Linda Hamilton
Jim Carrey|Laura Linney|Noah Emmerich
Mark Wahlberg|Halle Berry|J.K. Simmons
Bryce Dallas Howard|Joaquin Phoenix|Adrien Brody
Aaron Poole|Kathleen Munroe|Art Hindle
Dakota Fanning|Georgina Campbell|Olwen Fouéré
Hugh Jackman|Hiroyuki Sanada|Tao Okamoto
Dragan Bjelogrlić|Dušan Pekić|Milan Marić
Danielle Panabaker|Matt O'Leary|George Finn
Andrew Wilson|Cassidy Gifford|Brianne Howey
Gong Yoo|Kim Su-an|Jung Yu-mi
Justin Long|Michael Parks|Genesis Rodriguez
Miki Manojlović|Lazar Ristovski|Mirjana Joković
Logan Marshall-Green|Betty Gabriel|Harrison Gilbertson
Yoko Soumi|Hideyuki Tanaka|Koichi Yamadera
Tom Hardy|Michelle Williams|Riz Ahmed
Tom Hardy|Woody Harrelson|Michelle Williams
Tom Hardy|Chiwetel Ejiofor|Juno Temple
Noomi Rapace|Glenn Close|Willem Dafoe
Dragan Mićanović|Anica Dobra|Ljubiša Samardžić
Sergej Trifunović|Marija Karan|Nebojša Glogovac
Brittany Snow|Jeffrey Combs|Jonny Coyne
Eliza Dushku|Desmond Harrington|Emmanuelle Chriqui
Erica Leerhsen|Henry Rollins|Texas Battle
Tom Frederic|Janet Montgomery|Louise Cliffe
Hugh Jackman|Liev Schreiber|Danny Huston
Jim Carrey|Zooey Deschanel|Bradley Cooper
Megumi Ogata|Toshiyuki Morikawa|Yumi Kakazu
Jesse Eisenberg|Woody Harrelson|Emma Stone
Hugh Grant|Sophie Thatcher|Chloe East
